orders,orders-href,pic-src,description,status,price,quantity,properties,url,url-href,photo-src
"3593295","https://www.banggood.com/index.php?com=account&t=ordersDetail&ordersId=3593295&version=2&status=0","https://img3.banggood.com/thumb/other_items/upload/2012/jiangjunchao/SKU041576/SKU041576%20(4).JPG","400Pcs 0805 SMD 20 Value Kinds Chip Resistors Assort Assortment Kit","Shipped","2.72","1","","400Pcs 0805 SMD 20 Value Kinds Chip Resistors Assort Assortment Kit","https://www.banggood.com/400Pcs-0805-SMD-20-Value-Kinds-Chip-Resistors-Assort-Assortment-Kit-p-911892.html","https://img1.banggood.com/thumb/view/upload/2012/jiangjunchao/SKU041576/SKU041576%20(4).JPG"
"10332290","https://www.banggood.com/index.php?com=account&t=ordersDetail&ordersId=10332290&version=2&status=0","https://img2.banggood.com/thumb/other_items/2014/tanghong/11/SKU175298/SKU175298-1.jpg","10 Mini USB Type B SMD Female Socket 5 Pin Jack Connector Port","Shipped","1.17","1","","10 Mini USB Type B SMD Female Socket 5 Pin Jack Connector Port","https://www.banggood.com/10-Mini-USB-Type-B-SMD-Female-Socket-5-Pin-Jack-Connector-Port-p-955231.html","https://img1.banggood.com/thumb/view/2014/tanghong/11/SKU175298/SKU175298-1.jpg"
"3593295","https://www.banggood.com/index.php?com=account&t=ordersDetail&ordersId=3593295&version=2&status=0","https://img2.banggood.com/thumb/other_items/2014/xiemeijuan/06/SKU075716/20130621172105182.JPG","ENC28J60 Ethernet Network Module SPI Port 25MHZ For 51 AVR ARM PIC","Shipped","3.42","1","","ENC28J60 Ethernet Network Module SPI Port 25MHZ For 51 AVR ARM PIC","https://www.banggood.com/ENC28J60-Ethernet-Network-Module-SPI-Port-25MHZ-For-51-AVR-ARM-PIC-p-74609.html","https://img.banggood.com/thumb/view/2014/xiemeijuan/06/SKU075716/20130621172105182.JPG"
"10332290","https://www.banggood.com/index.php?com=account&t=ordersDetail&ordersId=10332290&version=2&status=0","https://img1.banggood.com/thumb/other_items/2014/xiemeijuan/10/10xSKU039144/8.jpg","10 Pair 40 Pin 2.54mm Male Female SIL Socket Row Strip PCB Connector","Shipped","2.8","1","","10 Pair 40 Pin 2.54mm Male Female SIL Socket Row Strip PCB Connector","https://www.banggood.com/10Pcs-40-Pin-2_54mm-Male-Female-SIL-Socket-Row-Strip-PCB-Connector-p-953436.html","https://img2.banggood.com/thumb/view/2014/xiemeijuan/10/10xSKU039144/8.jpg"
"15536069","https://www.banggood.com/index.php?com=account&t=ordersDetail&ordersId=15536069&version=2&status=0","https://img3.banggood.com/thumb/other_items/2014/chenjincheng/01/SKU179881/SKU179881_1.jpg","Waterproof Electronic Instrument Case Enclosure Box","Shipped","1.93","1","Size: Medium","Waterproof Electronic Instrument Case Enclosure Box","https://www.banggood.com/Plastic-Cover-Project-Electronic-Instrument-Case-Enclosure-Box-p-963851.html","https://img3.banggood.com/thumb/view/2014/chenjincheng/01/SKU179881/SKU179881_1.jpg"
"3593295","https://www.banggood.com/index.php?com=account&t=ordersDetail&ordersId=3593295&version=2&status=0","https://img2.banggood.com/thumb/other_items/upload/2012/liangping/SKU041573%20.1.JPG","0805 SMD 32 Value Chip Capacitor Assortment Kit Pack 320pcs","Shipped","2.94","1","","0805 SMD 32 Value Chip Capacitor Assortment Kit Pack 320pcs","https://www.banggood.com/Wholesale-0805-SMD-32-Value-Chip-Capacitor-Assortment-Kit-Pack-320pcs--p-53344.html","https://img1.banggood.com/thumb/view/upload/2012/liangping/SKU041573%20.1.JPG"
"10332290","https://www.banggood.com/index.php?com=account&t=ordersDetail&ordersId=10332290&version=2&status=0","https://img1.banggood.com/thumb/other_items/2014/xiemeijuan/01/3XSKU195153/3xSKU195153.jpg","3Pcs DIY 2 Slot Series 18650 Battery Holder With 2 Leads","Shipped","3.55","1","","3Pcs DIY 2 Slot Series 18650 Battery Holder With 2 Leads","https://www.banggood.com/3pcs-DIY-DC-7_4V-2-Slot-Double-Series-18650-Battery-Holder-Battery-Box-With-2-Leads-ROHS-Certification-p-964981.html","https://img.banggood.com/thumb/view/2014/xiemeijuan/01/3XSKU195153/3xSKU195153.jpg"
"32115869","https://www.banggood.com/index.php?com=account&t=ordersDetail&ordersId=32115869&version=2&status=0","https://img1.banggood.com/thumb/other_items/oaupload/banggood/images/55/13/c60b2e40-e8f4-4592-9095-e025a5ea758d.jpg","Suleve™ M3BN1 M3*4mm H62 Brass Knurl Nuts DIY Accessories 100pcs","Shipped","2.08","1","","Suleve™ M3BN1 M3*4mm H62 Brass Knurl Nuts DIY Accessories 100pcs","https://www.banggood.com/100pcs-M34mm-H62-Brass-Knurl-Nuts-DIY-Accessories-p-971077.html","https://img1.banggood.com/thumb/view/oaupload/banggood/images/55/13/c60b2e40-e8f4-4592-9095-e025a5ea758d.jpg"
"3593298","https://www.banggood.com/index.php?com=account&t=ordersDetail&ordersId=3593298&version=2&status=0","https://img3.banggood.com/thumb/other_items/upload/2014/06/SKU139776/1.jpg","10Pcs 0.5mm/0.8mm QFP/TQFP/LQFP/FQFP 32/44/64/80/100 To DIP Adapter PCB Board Converter","Shipped","2.65","1","","10Pcs 0.5mm/0.8mm QFP/TQFP/LQFP/FQFP 32/44/64/80/100 To DIP Adapter PCB Board Converter","https://www.banggood.com/10Pcs-0_5mm0_8mm-QFPTQFPLQFPFQFP-32446480100-To-DIP-Adapter-p-943168.html","https://img1.banggood.com/thumb/view/upload/2014/06/SKU139776/1.jpg"
"33003277","https://www.banggood.com/index.php?com=account&t=ordersDetail&ordersId=33003277&version=2&status=0","https://img2.banggood.com/thumb/other_items/oaupload/banggood/images/9F/22/0d79666e-1518-41fc-801d-81d9cce1dd4c.jpg","S-150 39x27cm Soldering Repair Maintenance Platform Heat Insulation Silicone Pad Mat","Shipped","13.78","1","","S-150 39x27cm Soldering Repair Maintenance Platform Heat Insulation Silicone Pad Mat","https://www.banggood.com/S-150-39x27cm-Soldering-Repair-Maintenance-Platform-Heat-Insulation-Silicone-Pad-Mat-p-1158890.html","https://img.banggood.com/thumb/view/oaupload/banggood/images/9F/22/0d79666e-1518-41fc-801d-81d9cce1dd4c.jpg"
"7836678","https://www.banggood.com/index.php?com=account&t=ordersDetail&ordersId=7836678&version=2&status=0","https://img1.banggood.com/thumb/other_items/upload/2014/10/SKU137736/8.jpg","Anti-Static Different Size Vetus ESD Tweezers ESD10 to ESD15","Shipped","1.74","1","Model: ESD15","Anti-Static Different Size Vetus ESD Tweezers ESD10 to ESD15","https://www.banggood.com/Anti-Static-Different-Size-Vetus-ESD-Tweezers-ESD10-to-ESD15-p-941802.html","https://img.banggood.com/thumb/view/upload/2014/10/SKU137736/8.jpg"
"3593298","https://www.banggood.com/index.php?com=account&t=ordersDetail&ordersId=3593298&version=2&status=0","https://img3.banggood.com/thumb/other_items/2014/zenghaoran/06/SKU141503/3.jpg","1/4 Keyless Drill Bit Chuck Adapter Converter Hex Shank Power Tool","Shipped","5.17","1","","1/4 Keyless Drill Bit Chuck Adapter Converter Hex Shank Power Tool","https://www.banggood.com/14-Keyless-Drill-Bit-Chuck-Adapter-Converter-Hex-Shank-Power-Tool-p-932120.html","https://img.banggood.com/thumb/view/2014/zenghaoran/06/SKU141503/3.jpg"
"17154524","https://www.banggood.com/index.php?com=account&t=ordersDetail&ordersId=17154524&version=2&status=0","https://img.banggood.com/thumb/other_items/oaupload/banggood/images/52/0F/96ae8061-fac8-f1ae-e3ec-9b41f71bc308.jpg","FY3224S 24MHz Dual-channel Arbitrary Waveform DDS Function Signal Generator Sine Square Wave Sweep Counter","Shipped","64.56","1","","FY3224S 24MHz Dual-channel Arbitrary Waveform DDS Function Signal Generator Sine Square Wave Sweep Counter","https://www.banggood.com/DANIU-FY3224S-24MHz-Dual-channel-Arbitrary-Waveform-DDS-Function-Signal-Generator-Sine-Square-Wave-Sweep-Counter-p-1014034.html","https://img1.banggood.com/thumb/view/oaupload/banggood/images/52/0F/96ae8061-fac8-f1ae-e3ec-9b41f71bc308.jpg"
"3593294","https://www.banggood.com/index.php?com=account&t=ordersDetail&ordersId=3593294&version=2&status=0","https://img3.banggood.com/thumb/other_items/2014/xiemeijuan/10/3xSKU136435/1.JPG","3Pcs DIY Electronic SMD Components Solder Practice Plate Kit For Training","Shipped","5.86","1","","3Pcs DIY Electronic SMD Components Solder Practice Plate Kit For Training","https://www.banggood.com/3Pcs-DIY-SMD-Components-Solder-Practice-Plate-Kit-For-Training-p-953205.html","https://img.banggood.com/thumb/view/2014/xiemeijuan/10/3xSKU136435/1.JPG"
"33003277","https://www.banggood.com/index.php?com=account&t=ordersDetail&ordersId=33003277&version=2&status=0","https://img1.banggood.com/thumb/other_items/2014/xiemeijuan/09/SKU279691/SKU279691-1.jpg","20Pcs SS12D00G3 2 Position SPDT 1P2T 3 Pin PCB Panel Mini Vertical Slide Switch","Shipped","0.97","1","","20Pcs SS12D00G3 2 Position SPDT 1P2T 3 Pin PCB Panel Mini Vertical Slide Switch","https://www.banggood.com/20pcs-SS12D00G3-2-Position-SPDT-1P2T-3-Pin-PCB-Panel-Mini-Vertical-Slide-Switch-p-1000847.html","https://img.banggood.com/thumb/view/2014/xiemeijuan/09/SKU279691/SKU279691-1.jpg"
"3593297","https://www.banggood.com/index.php?com=account&t=ordersDetail&ordersId=3593297&version=2&status=0","https://img2.banggood.com/thumb/other_items/upload/2014/03/SKU102812A.JPG","3000mAh 3.7V Rechargeable Lithium Battery For Tablet","Shipped","3.82","1","","3000mAh 3.7V Rechargeable Lithium Battery For Tablet","https://www.banggood.com/3000mAh-3_7V-Rechargeable-Lithium-Battery-Charger-For-Tablet-p-91417.html","https://img1.banggood.com/thumb/view/upload/2014/03/SKU102812A.JPG"
"33003279","https://www.banggood.com/index.php?com=account&t=ordersDetail&ordersId=33003279&version=2&status=0","https://img.banggood.com/thumb/other_items/oaupload/banggood/images/59/9A/3f409e2b-bff6-407a-9259-3726c31bf007.jpg","Pro'sKit 8PK-366N-G Desoldering Pump Piston with Double Oil Seals Quick and Easy Solder Sucker Residue 205mm","Shipped","6.2","1","","Pro'sKit 8PK-366N-G Desoldering Pump Piston with Double Oil Seals Quick and Easy Solder Sucker Residue 205mm","https://www.banggood.com/ProsKit-8PK-366N-G-Desoldering-Pump-Piston-Soldering-Tin-Sucker-p-1025501.html","https://img.banggood.com/thumb/view/oaupload/banggood/images/59/9A/3f409e2b-bff6-407a-9259-3726c31bf007.jpg"
"32115868","https://www.banggood.com/index.php?com=account&t=ordersDetail&ordersId=32115868&version=2&status=0","https://img2.banggood.com/thumb/other_items/upload/2014/06/SKU135749%20(8).JPG","Mini High Speed USB 2.0 Micro SD TF T-Flash Memory Card Reader","Shipped","1.73","1","Color: Black","Mini High Speed USB 2.0 Micro SD TF T-Flash Memory Card Reader","https://www.banggood.com/Mini-High-Speed-USB-20-Micro-SD-TF-TFlash-Memory-Card-Reader-p-927206.html","https://img2.banggood.com/thumb/view/upload/2014/06/SKU135749%20(1).JPG"
"19151408","https://www.banggood.com/index.php?com=account&t=ordersDetail&ordersId=19151408&version=2&status=0","https://img2.banggood.com/thumb/other_items/oaupload/banggood/images/02/29/d78cdc0a-d970-4f11-873c-d740a9321750.jpg","5Pcs IIC 4 Way Bi-Directional Logic Level Converter Module","Shipped","3.16","1","","5Pcs IIC 4 Way Bi-Directional Logic Level Converter Module","https://www.banggood.com/5Pcs-IIC-4-Way-Bi-Directional-Logic-Level-Converter-Module-p-951145.html","https://img1.banggood.com/thumb/view/oaupload/banggood/images/02/29/d78cdc0a-d970-4f11-873c-d740a9321750.jpg"
"10332290","https://www.banggood.com/index.php?com=account&t=ordersDetail&ordersId=10332290&version=2&status=0","https://img.banggood.com/thumb/other_items/oaupload/banggood/images/26/9C/981161b7-b191-484f-ad07-492ea0542495.jpg","10Pcs HC-49S 8MHz /8.000 MHZ Crystal Oscillator","Shipped","1.32","1","","10Pcs HC-49S 8MHz /8.000 MHZ Crystal Oscillator","https://www.banggood.com/10Pcs-HC-49S-8MHz-8_000-MHZ-Crystal-Oscillator-p-1013220.html","https://img.banggood.com/thumb/view/oaupload/banggood/images/26/9C/981161b7-b191-484f-ad07-492ea0542495.jpg"
"3593295","https://www.banggood.com/index.php?com=account&t=ordersDetail&ordersId=3593295&version=2&status=0","https://img.banggood.com/thumb/other_items/upload/2014/08/SKU157662/SKU157662a.jpg","SIM900A GSM GPRS Core Board Module Board","Shipped","15.4","1","","SIM900A GSM GPRS Core Board Module Board","https://www.banggood.com/SIM900A-GSM-GPRS-Core-Board-Module-Board-p-940559.html","https://img2.banggood.com/thumb/view/upload/2014/08/SKU157662/SKU157662a.jpg"
"17154522","https://www.banggood.com/index.php?com=account&t=ordersDetail&ordersId=17154522&version=2&status=0","https://img2.banggood.com/thumb/other_items/2014/xiemeijuan/09/SKU260663/SKU260663-1.jpg","40Pcs FR-4 Double Side Prototype PCB Printed Circuit Board","Shipped","9.88","1","","40Pcs FR-4 Double Side Prototype PCB Printed Circuit Board","https://www.banggood.com/40pcs-FR-4-Double-Side-Prototype-PCB-Printed-Circuit-Board-p-995732.html","https://img.banggood.com/thumb/view/2014/xiemeijuan/09/SKU260663/SKU260663-1.jpg"
"10332290","https://www.banggood.com/index.php?com=account&t=ordersDetail&ordersId=10332290&version=2&status=0","https://img1.banggood.com/thumb/other_items/oaupload/banggood/images/75/FA/0d7db828-96ae-4bb0-b873-3b0bf3779920.jpg","NITECORE Digicharger D4 LCD Display Universal Smart Charger","Shipped","25.78","1","Country: US","NITECORE Digicharger D4 LCD Display Universal Smart Charger","https://www.banggood.com/NITECORE-Digicharger-D4-LCD-Display-Universal-Smart-Charger-p-928155.html","https://img2.banggood.com/thumb/view/oaupload/banggood/images/75/FA/0d7db828-96ae-4bb0-b873-3b0bf3779920.jpg"
"15536066","https://www.banggood.com/index.php?com=account&t=ordersDetail&ordersId=15536066&version=2&status=0","https://img.banggood.com/thumb/other_items/upload/2012/lidanpo/SKU122168a.JPG","Micro SD TF Card Memory Shield Module SPI Micro SD Adapter For Arduino","Shipped","1.51","1","","Micro SD TF Card Memory Shield Module SPI Micro SD Adapter For Arduino","https://www.banggood.com/Micro-SD-TF-Card-Memory-Shield-Module-SPI-Mciro-SD-Adapter-For-Arduino-p-919914.html","https://img1.banggood.com/thumb/view/upload/2012/lidanpo/SKU122168a.JPG"
"3593295","https://www.banggood.com/index.php?com=account&t=ordersDetail&ordersId=3593295&version=2&status=0","https://img.banggood.com/thumb/other_items/upload/2014/10/SKU155374/7.jpg","6pcs HSS Wood Milling Cutter + Electric Drill Horn Fixed Base","Shipped","5.06","1","","6pcs HSS Wood Milling Cutter + Electric Drill Horn Fixed Base","https://www.banggood.com/6pcs-HSS-Wood-Milling-Cutter-Electric-Drill-Horn-Fixed-Base-p-939627.html","https://img3.banggood.com/thumb/view/upload/2014/10/SKU155374/7.jpg"
"33003278","https://www.banggood.com/index.php?com=account&t=ordersDetail&ordersId=33003278&version=2&status=0","https://img3.banggood.com/thumb/other_items/oaupload/banggood/images/1C/B9/c41605ec-70b3-4e9e-9376-0b46d19a3d58.jpg","Excellway® TC10 620pcs Wire Jumper Pin Header Connector Housing Kit For Dupont and Crimp Pins","Shipped","6.89","1","","Excellway® TC10 620pcs Wire Jumper Pin Header Connector Housing Kit For Dupont and Crimp Pins","https://www.banggood.com/620pcs-Wire-Jumper-Pin-Header-Connector-Housing-Kit-For-Dupont-and-Crimp-Pins-p-1132947.html","https://img1.banggood.com/thumb/view/oaupload/banggood/images/1C/B9/c41605ec-70b3-4e9e-9376-0b46d19a3d58.jpg"
"3593295","https://www.banggood.com/index.php?com=account&t=ordersDetail&ordersId=3593295&version=2&status=0","https://img3.banggood.com/thumb/other_items/upload/2012/lixia/SKU013891.01.jpg","IC SMD Vacuum Sucking Pen Easy Pick Picker Up Hand Tool","Shipped","1.89","1","","IC SMD Vacuum Sucking Pen Easy Pick Picker Up Hand Tool","https://www.banggood.com/Wholesale-IC-SMD-Vacuum-Sucking-Pen-Easy-Pick-Picker-Up-Hand-Tool-p-26810.html","https://img3.banggood.com/thumb/view/upload/2012/lixia/SKU013891.01.jpg"
"17159196","https://www.banggood.com/index.php?com=account&t=ordersDetail&ordersId=17159196&version=2&status=0","https://img3.banggood.com/thumb/other_items/oaupload/banggood/images/5E/54/6cc965d7-de46-537e-6d7f-9d853f6ac714.jpg","Mastech MS8910 Auto Scan SMD RC Resistance Tester Capacitance Meter","Shipped","19.36","1","","Mastech MS8910 Auto Scan SMD RC Resistance Tester Capacitance Meter","https://www.banggood.com/Mastech-MS8910-Auto-Scan-SMD-RC-Resistance-Tester-Capacitance-Meter-p-911476.html","https://img.banggood.com/thumb/view/oaupload/banggood/images/5E/54/6cc965d7-de46-537e-6d7f-9d853f6ac714.jpg"
"19151408","https://www.banggood.com/index.php?com=account&t=ordersDetail&ordersId=19151408&version=2&status=0","https://img.banggood.com/thumb/other_items/oaupload/banggood/images/A3/F5/9e8ca71b-5bbd-4965-8d67-cf296d8e73d4.jpg","Geekcreit™ Doit NodeMcu Lua ESP8266 ESP-12E WIFI Development Board","Shipped","5.3","1","","Geekcreit™ Doit NodeMcu Lua ESP8266 ESP-12E WIFI Development Board","https://www.banggood.com/Geekcreit-Doit-NodeMcu-Lua-ESP8266-ESP-12E-WIFI-Development-Board-p-985891.html","https://img.banggood.com/thumb/view/oaupload/banggood/images/A3/F5/9e8ca71b-5bbd-4965-8d67-cf296d8e73d4.jpg"
"15536069","https://www.banggood.com/index.php?com=account&t=ordersDetail&ordersId=15536069&version=2&status=0","https://img2.banggood.com/thumb/other_items/2014/chenjincheng/01/SKU182265/111111.jpg","300pcs Laptop Notebook Computer Metal Screws","Shipped","2.7","1","","300pcs Laptop Notebook Computer Metal Screws","https://www.banggood.com/300pcs-Laptop-Notebook-Computer-Black-Screws-p-967082.html","https://img3.banggood.com/thumb/view/2014/chenjincheng/01/SKU182265/111111.jpg"
"17154525","https://www.banggood.com/index.php?com=account&t=ordersDetail&ordersId=17154525&version=2&status=0","https://img1.banggood.com/thumb/other_items/oaupload/banggood/images/2F/40/3f23ed35-a371-45e7-8428-60f158743500.jpg","70x50x1.5mm Double Side PCB Copper Clad Laminate Board Glass Fiberboard","Shipped","1.34","1","","70x50x1.5mm Double Side PCB Copper Clad Laminate Board Glass Fiberboard","https://www.banggood.com/70x50x1_5mm-Double-Side-PCB-Copper-Clad-Laminate-Board-Glass-Fiberboard-p-1049697.html","https://img.banggood.com/thumb/view/oaupload/banggood/images/2F/40/3f23ed35-a371-45e7-8428-60f158743500.jpg"
"3593295","https://www.banggood.com/index.php?com=account&t=ordersDetail&ordersId=3593295&version=2&status=0","https://img3.banggood.com/thumb/other_items/oaupload/banggood/images/9B/C9/c73abb59-2a82-4586-b0c3-63806b51c4f6.jpg","0.96 Inch White IIC I2C OLED Display Module 12864 LED For Arduino","Shipped","4.29","1","","0.96 Inch White IIC I2C OLED Display Module 12864 LED For Arduino","https://www.banggood.com/0_96-Inch-White-IIC-I2C-OLED-Display-Module-12864-LED-For-Arduino-p-932606.html","https://img2.banggood.com/thumb/view/oaupload/banggood/images/9B/C9/c73abb59-2a82-4586-b0c3-63806b51c4f6.jpg"
"33003281","https://www.banggood.com/index.php?com=account&t=ordersDetail&ordersId=33003281&version=2&status=0","https://img.banggood.com/thumb/other_items/oaupload/banggood/images/F8/EA/5ff26b80-1568-478e-84d1-b847384a2608.jpeg","SN-2549 Pin Crimping Tool 2.54mm 3.96mm 4.8mm 28-18awg 0.08-1.0mm2 for Dupont Terminals","Shipped","19.15","1","","SN-2549 Pin Crimping Tool 2.54mm 3.96mm 4.8mm 28-18awg 0.08-1.0mm2 for Dupont Terminals","https://www.banggood.com/SN-2549-Pin-Crimping-Tool-2_54mm-3_96mm-4_8mm-28-18awg-0_08-1_0mm2-for-Dupont-Terminals-p-1159772.html","https://img1.banggood.com/thumb/view/oaupload/banggood/images/F8/EA/5ff26b80-1568-478e-84d1-b847384a2608.jpeg"
"7836676","https://www.banggood.com/index.php?com=account&t=ordersDetail&ordersId=7836676&version=2&status=0","https://img3.banggood.com/thumb/other_items/upload/2014/10/SKU151211/1.jpg","100g PCB UV Curable Solder Mask Repairing Paint Anti-Corrosion","Shipped","4.32","1","","100g PCB UV Curable Solder Mask Repairing Paint Anti-Corrosion","https://www.banggood.com/100g-PCB-UV-Curable-Solder-Mask-Repairing-Paint-Anti-Corrosion-p-939805.html","https://img.banggood.com/thumb/view/upload/2014/10/SKU151211/1.jpg"
"7836674","https://www.banggood.com/index.php?com=account&t=ordersDetail&ordersId=7836674&version=2&status=0","https://img1.banggood.com/thumb/other_items/upload/2012/jiangjunchao/SKU075922/SKU075922%20(3).JPG","GM550 Thermometer Non-Contact Digital IR Laser Infrared Gun Tester","Shipped","14.15","1","","GM550 Thermometer Non-Contact Digital IR Laser Infrared Gun Tester","https://www.banggood.com/BENETECH-GM550-Non-Contact-Digital-IR-Laser-Infrared-Temperature-Meter-Gun-Thermometer-Tester-50-550-p-76731.html","https://img3.banggood.com/thumb/view/upload/2012/jiangjunchao/SKU075922/SKU075922%20(3).JPG"
"3593295","https://www.banggood.com/index.php?com=account&t=ordersDetail&ordersId=3593295&version=2&status=0","https://img.banggood.com/thumb/other_items/oaupload/banggood/images/F7/6A/b24d3535-59e2-4cab-92ed-8864462df761.jpg","5Pcs PS2 Game Joystick Module For Arduino","Shipped","4.57","1","","5Pcs PS2 Game Joystick Module For Arduino","https://www.banggood.com/5Pcs-PS2-Game-Joystick-Module-For-Arduino-p-951186.html","https://img.banggood.com/thumb/view/oaupload/banggood/images/F7/6A/b24d3535-59e2-4cab-92ed-8864462df761.jpg"
"17154520","https://www.banggood.com/index.php?com=account&t=ordersDetail&ordersId=17154520&version=2&status=0","https://img1.banggood.com/thumb/other_items/upload/liangping/SKU033130%20.1.JPG","35g Mechanic Solder Welding Paste MCN-300 SMD SMT Sn63/Pb37 Tool","Shipped","3.73","1","","35g Mechanic Solder Welding Paste MCN-300 SMD SMT Sn63/Pb37 Tool","https://www.banggood.com/Wholesale-50g-Mechanic-Soldering-Solder-Welding-Paste-Flux-MCN-300-SMD-SMT-Sn63Pb37-Tool-p-50581.html","https://img.banggood.com/thumb/view/upload/liangping/SKU033130%20.1.JPG"
"15536069","https://www.banggood.com/index.php?com=account&t=ordersDetail&ordersId=15536069&version=2&status=0","https://img1.banggood.com/thumb/other_items/oaupload/banggood/images/CE/D3/167d5169-6193-0128-d2eb-5b9db66f1819.jpg","50PCS 1/1.5/2/2.5/3mm HSS Titanium Coated High Speed Steel Drill Bit Set","Shipped","3.06","1","","50PCS 1/1.5/2/2.5/3mm HSS Titanium Coated High Speed Steel Drill Bit Set","https://www.banggood.com/50PCS-11_522_53mm-HSS-Titanium-Coated-High-Speed-Steel-Drill-Bit-Set-p-1001864.html","https://img3.banggood.com/thumb/view/oaupload/banggood/images/CE/D3/167d5169-6193-0128-d2eb-5b9db66f1819.jpg"
"15536066","https://www.banggood.com/index.php?com=account&t=ordersDetail&ordersId=15536066&version=2&status=0","https://img2.banggood.com/thumb/other_items/oaupload/banggood/images/1E/65/0758477d-5969-43e9-98f6-373f86c5e4b7.jpg","Black Aluminum Case 80x50x20mm DIY Project Electronic Line Protection Box","Shipped","5.02","1","","Black Aluminum Case 80x50x20mm DIY Project Electronic Line Protection Box","https://www.banggood.com/Black-Aluminum-Case-80x50x20mm-DIY-Project-Electronic-Line-Protection-Box-p-1018196.html","https://img3.banggood.com/thumb/view/oaupload/banggood/images/1E/65/0758477d-5969-43e9-98f6-373f86c5e4b7.jpg"
"15536071","https://www.banggood.com/index.php?com=account&t=ordersDetail&ordersId=15536071&version=2&status=0","https://img.banggood.com/thumb/other_items/upload/2014/03/sku129205%20%20(3).jpg","10pcs Needle Files Jeweler Diamond Metal Glass Stone Shaping Files","Shipped","3.52","1","","10pcs Needle Files Jeweler Diamond Metal Glass Stone Shaping Files","https://www.banggood.com/10pcs-Needle-Files-Jeweler-Diamond-Metal-Glass-Stone-Shaping-Files-p-921769.html","https://img3.banggood.com/thumb/view/upload/2014/03/sku129205%20%20(3).jpg"
"17154521","https://www.banggood.com/index.php?com=account&t=ordersDetail&ordersId=17154521&version=2&status=0","https://img3.banggood.com/thumb/other_items/upload/2012/chenjianwei/SKU122685.jpg","Antenna 433MHz RP-SMA 2dBi for 3DR Radios","Shipped","1.84","2","","Antenna 433MHz RP-SMA 2dBi for 3DR Radios","https://www.banggood.com/Antenna-433MHz-RP-SMA-2dBi-for-3DR-Radios-p-918634.html","https://img.banggood.com/thumb/view/upload/2012/chenjianwei/SKU122685.jpg"
"15536066","https://www.banggood.com/index.php?com=account&t=ordersDetail&ordersId=15536066&version=2&status=0","https://img1.banggood.com/thumb/other_items/oaupload/banggood/images/B5/28/6c9ddb25-9f5a-4058-9b5f-1d183a5fe22f.jpg","DIY Aluminum PCB Box Enclosure Electronic Project Case 100*76*35mm","Shipped","4.51","1","","DIY Aluminum PCB Box Enclosure Electronic Project Case 100*76*35mm","https://www.banggood.com/DIY-Aluminum-PCB-Box-Enclosure-Electronic-Project-Case-1007635mm-p-1038793.html","https://img3.banggood.com/thumb/view/oaupload/banggood/images/B5/28/6c9ddb25-9f5a-4058-9b5f-1d183a5fe22f.jpg"
"3593296","https://www.banggood.com/index.php?com=account&t=ordersDetail&ordersId=3593296&version=2&status=0","https://img2.banggood.com/thumb/other_items/upload/2014/11/SKU053310/1.JPG","70pcs 20cm 5size 7color Polyolefin Heat Shrink Tube Sleeve Wrap Wire","Shipped","3.16","1","","70pcs 20cm 5size 7color Polyolefin Heat Shrink Tube Sleeve Wrap Wire","https://www.banggood.com/Wholesale-DANIU-70pcs-20cm-5-Size-7-Color-Polyolefin-Heat-Shrink-Tubing-Tube-Sleeve-Wrap-Wire-p-61310.html","https://img1.banggood.com/thumb/view/upload/2014/11/SKU053310/1.JPG"
"33003278","https://www.banggood.com/index.php?com=account&t=ordersDetail&ordersId=33003278&version=2&status=0","https://img.banggood.com/thumb/other_items/oaupload/banggood/images/5A/3C/dc3faef6-23ed-4af6-8e36-5682cc69171a.jpg","Wemos® Pro ESP32 WIFI + Bluetooth Board 4MB Flash","Shipped","8.82","1","","Wemos® Pro ESP32 WIFI + Bluetooth Board 4MB Flash","https://www.banggood.com/Wemos-Pro-ESP32-WIFI-Bluetooth-Board-4MB-Flash-p-1164459.html","https://img2.banggood.com/thumb/view/oaupload/banggood/images/5A/3C/dc3faef6-23ed-4af6-8e36-5682cc69171a.jpg"
"7836675","https://www.banggood.com/index.php?com=account&t=ordersDetail&ordersId=7836675&version=2&status=0","https://img2.banggood.com/thumb/other_items/oaupload/banggood/images/A3/F5/f8d3610d-e6cc-4ca7-a4eb-1c7d09b3706a.jpg","1000g x 0.1g Digital Gem Gram Diamond Pocket Lab Scale","Shipped","6.11","1","","1000g x 0.1g Digital Gem Gram Diamond Pocket Lab Scale","https://www.banggood.com/Wholesale-1000g-x-0_1g-Digital-Gem-Gram-Diamond-Pocket-Lab-Scale-p-12225.html","https://img2.banggood.com/thumb/view/oaupload/banggood/images/A3/F5/f8d3610d-e6cc-4ca7-a4eb-1c7d09b3706a.jpg"
"17154522","https://www.banggood.com/index.php?com=account&t=ordersDetail&ordersId=17154522&version=2&status=0","https://img2.banggood.com/thumb/other_items/2014/chenjincheng/10/SKU169201/sku169201-1-.jpg","One-Side Copper Clad 70x100x1.5mm Single PCB Board Glass Fiber","Shipped","1.04","1","","One-Side Copper Clad 70x100x1.5mm Single PCB Board Glass Fiber","https://www.banggood.com/One-Side-Copper-Clad-70x100x1_5mm-Single-PCB-Board-Glass-Fiber-p-950900.html","https://img2.banggood.com/thumb/view/2014/chenjincheng/10/SKU169201/sku169201-1-.jpg"
"17154522","https://www.banggood.com/index.php?com=account&t=ordersDetail&ordersId=17154522&version=2&status=0","https://img3.banggood.com/thumb/other_items/oaupload/banggood/images/CB/F6/70fa5e0b-1dcf-4e52-8645-faaf78707ab6.jpg","Drillpro 10pcs 0.3-1.2mm Carbide Micro PCB Drill Bits CNC Jewelry Rotary Tool For PC Boards","Shipped","3.37","1","","Drillpro 10pcs 0.3-1.2mm Carbide Micro PCB Drill Bits CNC Jewelry Rotary Tool For PC Boards","https://www.banggood.com/Drillpro-10pcs-0_3-1_2mm-Carbide-Micro-PCB-Drill-Bits-CNC-Jewelry-Rotary-Tool-For-PC-Boards-p-985694.html","https://img3.banggood.com/thumb/view/oaupload/banggood/images/CB/F6/70fa5e0b-1dcf-4e52-8645-faaf78707ab6.jpg"
"15536066","https://www.banggood.com/index.php?com=account&t=ordersDetail&ordersId=15536066&version=2&status=0","https://img1.banggood.com/thumb/other_items/oaupload/banggood/images/54/ED/695c1d51-7ff8-4a24-8d86-0a87923af518.jpg","Black Aluminum Case DIY Project Electronic Line Protection Box 10x9.7x4cm","Shipped","5.9","1","","Black Aluminum Case DIY Project Electronic Line Protection Box 10x9.7x4cm","https://www.banggood.com/Black-Aluminum-Case-DIY-Project-Electronic-Line-Protection-Box-10x9_7x4cm-p-1018191.html","https://img.banggood.com/thumb/view/oaupload/banggood/images/54/ED/695c1d51-7ff8-4a24-8d86-0a87923af518.jpg"
"3593298","https://www.banggood.com/index.php?com=account&t=ordersDetail&ordersId=3593298&version=2&status=0","https://img.banggood.com/thumb/other_items/2014/xiemeijuan/11/SKU175615/SKU175615a.jpg","Aluminum Electronic Enclosure Square Aluminum Alloy Shell 32x32x100mm","Shipped","3.51","1","","Aluminum Electronic Enclosure Square Aluminum Alloy Shell 32x32x100mm","https://www.banggood.com/Aluminum-Electronic-Enclosure-Square-Aluminum-Alloy-Shell-32x32x100mm-p-954767.html","https://img2.banggood.com/thumb/view/2014/xiemeijuan/11/SKU175615/SKU175615a.jpg"
"17154521","https://www.banggood.com/index.php?com=account&t=ordersDetail&ordersId=17154521&version=2&status=0","https://img.banggood.com/thumb/other_items/upload/2014/04/SKU130352.jpg","SMA Female with PCB Mount 11mm 50 OHM RF Connector SMA-KE","Shipped","1.1","2","","SMA Female with PCB Mount 11mm 50 OHM RF Connector SMA-KE","https://www.banggood.com/SMA-Female-with-PCB-Mount-11mm-50-OHM-RF-Connector-SMA-KE-p-923074.html","https://img3.banggood.com/thumb/view/upload/2014/04/SKU130352.jpg"
"7836675","https://www.banggood.com/index.php?com=account&t=ordersDetail&ordersId=7836675&version=2&status=0","https://img2.banggood.com/thumb/other_items/2014/xiemeijuan/11/SKU175616/SKU175616a.jpg","KAPTON TAPE High Temperature Polyimide Film Heat Resistant Tape 5 Size","Shipped","1.85","1","Size: 10mm","KAPTON TAPE High Temperature Polyimide Film Heat Resistant Tape 5 Size","https://www.banggood.com/High-Temperature-Polyimide-Film-Heat-Resistant-Tape-5-Size-p-954755.html","https://img2.banggood.com/thumb/view/2014/xiemeijuan/11/SKU175616/SKU175616a.jpg"
"3593298","https://www.banggood.com/index.php?com=account&t=ordersDetail&ordersId=3593298&version=2&status=0","https://img3.banggood.com/thumb/other_items/2014/xiemeijuan/11/SKU175612/SKU175612a.jpg","Instrumentation Aluminum Shell 42 Aluminum Metal Case 22x105x120mm Slim Type","Shipped","4.62","1","","Instrumentation Aluminum Shell 42 Aluminum Metal Case 22x105x120mm Slim Type","https://www.banggood.com/Instrumentation-Aluminum-Shell-42-Aluminum-Metal-Case-22x105x120mm-p-954766.html","https://img1.banggood.com/thumb/view/2014/xiemeijuan/11/SKU175612/SKU175612a.jpg"
